cluster_id,cluster_name,n,share,mean_first_delta,mean_end_delta,mean_delta_std,mean_turn_count,center_cum_25pct,center_cum_50pct,center_cum_75pct,center_cum_100pct,feature_set
0,cluster_0,44,0.5238095238095238,-0.028158453209232007,0.03909065698662153,0.10791465714536956,2.9318181818181817,-0.01959516572229821,-0.013539580185245146,0.014516792966620763,0.03909065698662153,trajectory
1,cluster_1,40,0.47619047619047616,0.5220720714538551,0.4374458369022854,0.33466552397480964,2.95,0.3830228035903914,0.46819694618219965,0.4206496999084795,0.4374458369022854,trajectory
