term,estimate,std_err,p_value,ci_low,ci_high,term_label
mean_logos_z,-0.09071173802030605,0.05515753139197013,0.11164836976043743,-0.20388564414406957,0.02246216810345747,Logos (z)
mean_pathos_z,0.007943198176931926,0.05102625521645212,0.8774520711619995,-0.09675402941789578,0.11264042577175963,Pathos (z)
mean_ethos_z,-0.09687730453903826,0.046876365231097235,0.048479545246028884,-0.1930596612218789,-0.000694947856197628,Ethos (z)
