source,init_label,n_rows,mean_required_abs_delta,mean_target_only_difficulty_logit_delta,mean_structure_aware_difficulty,mean_structure_minus_target_only
debategpt,bin_sample:high,540,0.10000000000000092,0.5380708076702939,14820.057309330441,14819.519238522771
debategpt,bin_sample:low,540,0.10000000000000092,0.5362725269886885,11113.845023941927,11113.30875141494
debategpt,bin_sample:mid,540,0.10000000000000092,0.4052378532577714,11854.701488263012,11854.296250409754
debategpt,bin_sample:very_high,540,0.10000000000000092,1.4841070068778277,14887.766003399973,14886.281896393095
debategpt,bin_sample:very_low,540,0.10000000000000092,1.448528433260972,11135.870424804958,11134.421896371698
